id,name,icon,color,isDefault
cat-housing,Housing,home,#6366F1,true
cat-utilities,Utilities,zap,#EF4444,true
cat-transport,Transportation,car,#F59E0B,true
cat-groceries,Food/Groceries,shopping-cart,#10B981,true
cat-dining,Dining Out,utensils,#EC4899,true
cat-personal,Personal Care,user,#8B5CF6,true
cat-health,Health/Medical,heart-pulse,#14B8A6,true
cat-insurance,Insurance,shield,#0EA5E9,true
cat-debt,Debt Payments,credit-card,#F43F5E,true
cat-savings,Savings/Investments,piggy-bank,#22C55E,true
cat-entertainment,Entertainment,tv,#A855F7,true
cat-subscriptions,Subscriptions,refresh-cw,#3B82F6,true
cat-clothing,Clothing/Apparel,shirt,#F97316,true
cat-household,Household Supplies,package,#84CC16,true
cat-gifts,Gifts/Donations,gift,#E879F9,true
cat-travel,Travel/Vacation,plane,#06B6D4,true
cat-income,Income,trending-up,#10B981,true
cat-other,Other,help-circle,#64748B,true