id,type,amount,currency,categoryId,accountId,date,description,tags,isRecurring
txn-1767297766559-h0y0pbdkl,expense,400,USD,housing,default,2026-01-01,Rent,,false
txn-1767297673514-keu3r8flm,expense,300,USD,groceries,default,2026-01-01,Food,,false
txn-1767297665912-2mak6jpv1,expense,100,USD,transport,default,2026-01-01,Bus,,false
txn-1767297649247-my37jcbif,expense,850,USD,housing,default,2026-01-01,Room Rent,,false
txn-1767297626091-fxfc7nt3j,income,5000,USD,income,default,2026-01-01,Salary,,false